word,sense,WelshSynset_1,WelshSynset_2,WelshSynset_3,WelshSynset_4,WelshSynset_5,WelshSynset_6,WelshSynset_7,WelshSynset_8,WelshSynset_9,WelshSynset_10,WelshSynset_11,WelshSynset_12,WelshSynset_13,WelshSynset_14,WelshSynset_15,WelshSynset_16,WelshSynset_17,WelshSynset_18,WelshSynset_19,WelshSynset_20,WelshSynset_21,WelshSynset_22,WelshSynset_23,WelshSynset_24,WelshSynset_25,WelshSynset_26,WelshSynset_27,WelshSynset_28,WelshSynset_29,WelshSynset_30,WelshSynset_31,WelshSynset_32,WelshSynset_33,WelshSynset_34,WelshSynset_35,WelshSynset_36,WelshSynset_37,WelshSynset_38,WelshSynset_39,WelshSynset_40,WelshSynset_41,WelshSynset_42,WelshSynset_43,WelshSynset_44,WelshSynset_45,WelshSynset_46,WelshSynset_47
pobl,people,pobl , pobol,,,,,,,,,,,,,,,,,,,,,,,,,,,,,,,,,,,,,,,,,,,,,
gwaith,work,gweithio , gwaith , rhedeg , llunwedd , gorfodi , gorchwyl , golafur , drama , dehongli , deddf , creu , chwarae , chwa , bold , awgrymu , act,,,,,,,,,,,,,,,,,,,,,,,,,,,,,,,
blwyddyn,year,blwyddyn , blwydd,,,,,,,,,,,,,,,,,,,,,,,,,,,,,,,,,,,,,,,,,,,,,
iaith,language,iaith , ysbîtsh , termyddiaeth , terminoleg , termeg , tafod-leferydd , sbîtsh , lleferydd , aeg,,,,,,,,,,,,,,,,,,,,,,,,,,,,,,,,,,,,,,
plentyn,child,plentyn , nythgyw , niper , myn , gwringhellwr , cywtyn , cnidw , cnidiw , baban , bab,,,,,,,,,,,,,,,,,,,,,,,,,,,,,,,,,,,,,
ysgol,school,ysgol , ymarfer , lofn , llofn , hyfforddi , gosgordd , dysgu , anelu , addysgu,,,,,,,,,,,,,,,,,,,,,,,,,,,,,,,,,,,,,,
byd,world,byd , rialiti , realiti , realedd , gwirfodoldeb , gwirfodolaeth , gwirfod , dirwedd , dirfod , daear , cronnen,,,,,,,,,,,,,,,,,,,,,,,,,,,,,,,,,,,,
dydd,day,dydd , diwrnod , dwthwn,,,,,,,,,,,,,,,,,,,,,,,,,,,,,,,,,,,,,,,,,,,,
rhaid,necessity ,obligation,rheidrwydd , ymrwym , rhwymedigeiddrwydd , rhwymedigaeth , rheidioldeb , rhaid , gorfodaeth , dir , cyfrifolrwydd , anhepgorwch , anghenraid , anghendid , angenrheidrwydd , angenrheidiolrwydd , angenrheidioldeb,,,,,,,,,,,,,,,,,,,,,,,,,,,,,,,
tŷ,house,untyaeth , tŷ , tylwyth , tyaeth , theatr , teulu , gartref , ffamili , cymaethlu , adre,,,,,,,,,,,,,,,,,,,,,,,,,,,,,,,,,,,,,
angen,need,symbyliad , swmbyliad , swmbwliad , motifyddiaeth , cymhelliant , angen,,,,,,,,,,,,,,,,,,,,,,,,,,,,,,,,,,,,,,,,,
amser,time,amser , tymp , pryd , mor , gwaith , cloc , amseru , adeg,,,,,,,,,,,,,,,,,,,,,,,,,,,,,,,,,,,,,,,
ffordd,road,heol , gwastod , ffordd , beidr,,,,,,,,,,,,,,,,,,,,,,,,,,,,,,,,,,,,,,,,,,,
ffordd,manner,modd , meiliad , ffed,,,,,,,,,,,,,,,,,,,,,,,,,,,,,,,,,,,,,,,,,,,,
enw,name,enw , penodi , magu , llechres , list , gorfodi , enwi , egor , dehongli , darganfod , cyfenwi , crybwyll , creu , cofres , awgrymu , allwedd,,,,,,,,,,,,,,,,,,,,,,,,,,,,,,,
pen,head,pen , plwm , penio , gwidydd , geid,,,,,,,,,,,,,,,,,,,,,,,,,,,,,,,,,,,,,,,,,,
pen,biro,,,,,,,,,,,,,,,,,,,,,,,,,,,,,,,,,,,,,,,,,,,,,,,
lle,location,lleoliad,,,,,,,,,,,,,,,,,,,,,,,,,,,,,,,,,,,,,,,,,,,,,,
mis,month,mis,,,,,,,,,,,,,,,,,,,,,,,,,,,,,,,,,,,,,,,,,,,,,,
tro,rotation,cylchdro,,,,,,,,,,,,,,,,,,,,,,,,,,,,,,,,,,,,,,,,,,,,,,
llyfr,book,llyfr , sgript , llyfru , cadw , bwcio,,,,,,,,,,,,,,,,,,,,,,,,,,,,,,,,,,,,,,,,,,
cwrs,course,wysg , trac , row , rhedeg , llwybrfa , llwybr , llifo , hynt , golwybr , ffid , erllyry , erllwrw , cwrs , bwydo , brisg , arweinlwybr,,,,,,,,,,,,,,,,,,,,,,,,,,,,,,,
cwrs,corrupt,llygru , llygrio , llwgr,,,,,,,,,,,,,,,,,,,,,,,,,,,,,,,,,,,,,,,,,,,,
rhaglen,programme,rhaglen , rhaglennu , program,,,,,,,,,,,,,,,,,,,,,,,,,,,,,,,,,,,,,,,,,,,,
diolch,thanks,diolch , godemersi , diolchred , diolchdred,,,,,,,,,,,,,,,,,,,,,,,,,,,,,,,,,,,,,,,,,,,
aelod,member,aelod , pin , pidyn , pidlen , piden , penis , llostddelw , celyn , caly , cala , cal,,,,,,,,,,,,,,,,,,,,,,,,,,,,,,,,,,,,
gair,word,trwyddedair , trwyddair , trafodaeth , pwmp , niws , mwting , gwylair , gair , chwedliaeth , chweddliaeth,,,,,,,,,,,,,,,,,,,,,,,,,,,,,,,,,,,,,
oed,age,oes , oed , yr , to , oedran , heneiddio , addoed,,,,,,,,,,,,,,,,,,,,,,,,,,,,,,,,,,,,,,,,
llywodraeth,government,llywodraeth , trefnlywodraeth , trefnllywodraeth , penadurdod , ministriad , ministrasiwn , ministrad , llywodri , arlywodraeth , arlywiaeth,,,,,,,,,,,,,,,,,,,,,,,,,,,,,,,,,,,,,
gwybodaeth,information,hysbysrwydd , gwybodaeth , data,,,,,,,,,,,,,,,,,,,,,,,,,,,,,,,,,,,,,,,,,,,,
cyfle,chance,tsiawns , tsians , siawnsio , siawns , hap , goreubryd , ffortyn , ffortun , ffortiwn,,,,,,,,,,,,,,,,,,,,,,,,,,,,,,,,,,,,,,
hanes,history,hanes , edrybod , edrybedd , astudiaeth,,,,,,,,,,,,,,,,,,,,,,,,,,,,,,,,,,,,,,,,,,,
hyd,length,hyd , hirdra,,,,,,,,,,,,,,,,,,,,,,,,,,,,,,,,,,,,,,,,,,,,,
llun,image,troelleg , delwedd , delw,,,,,,,,,,,,,,,,,,,,,,,,,,,,,,,,,,,,,,,,,,,,
man,location,lleoliad,,,,,,,,,,,,,,,,,,,,,,,,,,,,,,,,,,,,,,,,,,,,,,
man,spot , blemish,twyts , twtsh , twts , smotyn , sbotio , sbot , piryn , mwfflyn , mod , llecyn , hagru , chwythryn , chwithryn , byt , blotyn , bit , adnabod,,,,,,,,,,,,,,,,,,,,,,,,,,,,,
diwrnod,day,,,,,,,,,,,,,,,,,,,,,,,,,,,,,,,,,,,,,,,,,,,,,,,
rhyw,sex,ysglen , rhywioledd , rhyw,,,,,,,,,,,,,,,,,,,,,,,,,,,,,,,,,,,,,,,,,,,,
rhyw,sex,ysglen , rhywioledd , rhyw,,,,,,,,,,,,,,,,,,,,,,,,,,,,,,,,,,,,,,,,,,,,
gwasanaeth,service,gweinidogaeth , gwasanaeth,,,,,,,,,,,,,,,,,,,,,,,,,,,,,,,,,,,,,,,,,,,,,
gwlad,cournty,,,,,,,,,,,,,,,,,,,,,,,,,,,,,,,,,,,,,,,,,,,,,,,
cyfnod,era,,,,,,,,,,,,,,,,,,,,,,,,,,,,,,,,,,,,,,,,,,,,,,,
bywyd,life,bywyd , oesiad , oesawd , oesad , hoedliad , hoedl , hoeddl , eneidioldeb , cyfyw , bywydoldeb , bywoledd , bywogrwydd , bywioledd , bywiogrwydd , bywiogaeth , bywiocâd , bywiant , bywhad , bywgraffyddiaeth , bywgraffiaeth , bywgraffiad , bywdod , bywdeb , bywdab , buchynt , buches , bucheddiad , buchdraith , buchdraethiad , buchdraeth , biograffi,,,,,,,,,,,,,,,,
cig,meat,cig , sybstans , swbstans , rhin , ile , hanfodoledd , hanfodoldeb , hanfodiaeth , hanfodiad , hanfodedd , hanfodaeth , han , gorsefylliad , gorsefylledd , canoli , canol , calon,,,,,,,,,,,,,,,,,,,,,,,,,,,,,,
nifer,sum,sym , sybstans , swm , swbstans , rhin , llwyrdra , llwyrdeb , ile , hanfodoledd , hanfodoldeb , hanfodiaeth , hanfodiad , hanfodedd , hanfodaeth , han , gorsefylliad , gorsefylledd , cig , canoli , canol , calon , agreg,,,,,,,,,,,,,,,,,,,,,,,,,
gwefan,website,safwe , gwefan,,,,,,,,,,,,,,,,,,,,,,,,,,,,,,,,,,,,,,,,,,,,,
ystod ,range,ystod , tid , tan.gell , syg , rhychwant , cylchdro , crwydro , crwydr , cadwyn , amrediad,,,,,,,,,,,,,,,,,,,,,,,,,,,,,,,,,,,,,
newyddion,news,niws , pwmp , chwedliaeth , chweddliaeth,,,,,,,,,,,,,,,,,,,,,,,,,,,,,,,,,,,,,,,,,,,
wythnos,week,wythnos,,,,,,,,,,,,,,,,,,,,,,,,,,,,,,,,,,,,,,,,,,,,,,
teulu,family,teulu , untyaeth , tylwyth , tyaeth , syniatffurf , hanfodrestr , hanfodres , hanfodrenc , gartref , ffelsib , ffamili , cymaethlu , cyfarad , cydfyddiaeth , categori , adre,,,,,,,,,,,,,,,,,,,,,,,,,,,,,,,
cwmni,company,cwmni , criw,,,,,,,,,,,,,,,,,,,,,,,,,,,,,,,,,,,,,,,,,,,,,
cwmni,company,cwmni , criw,,,,,,,,,,,,,,,,,,,,,,,,,,,,,,,,,,,,,,,,,,,,,
meddwl,mind,syniaeth , obadïa , obadeia , meindio , meddylrith , meddyliwr , mais , howda , hid , gwrando , eidïa , eidea , drychfeddwl , bryd , brediad,,,,,,,,,,,,,,,,,,,,,,,,,,,,,,,,
meddwl,to think,meddwl , ystyried , ymsynio , synio , synied , pasa , credu , cofio , bwriadu , ardyb,,,,,,,,,,,,,,,,,,,,,,,,,,,,,,,,,,,,,
pryd,occasion,achlysuro , achlysur,,,,,,,,,,,,,,,,,,,,,,,,,,,,,,,,,,,,,,,,,,,,,
pryd,meal,pryd , adwledd,,,,,,,,,,,,,,,,,,,,,,,,,,,,,,,,,,,,,,,,,,,,,
pryd,appearance,ymddangosiad , tremid , hunanddan.gosiad , gwedd , dangos , cyfeiliw , apirans , aparawns,,,,,,,,,,,,,,,,,,,,,,,,,,,,,,,,,,,,,,,
arian,money,arian , pres , manogen , arianwerth , ariannach,,,,,,,,,,,,,,,,,,,,,,,,,,,,,,,,,,,,,,,,,,
diwedd,the end,diwedd , trangedigaeth , trancedigaeth , tranc , rhyle , rhemnant , remnant , pen.glo , marwolaeth , llygrwydd , llygriant , llygrant , llias , lleas , llaith , lladdiant , gorflaen , gorffen , golaith , gobed , dylaith , distrywiant , distrywiaeth , distrywiad , distrywedigaeth , distrywaeth , dinustr , dinistr , dilen , dilaith , dilain , diföed , difäedd , difethiant , difethdod , cyrchnod , col , cilyn , cilran , cilcyn , angau , anfadran , adwythder , addoed , aball,,
marwolaeth,death,marwolaeth , angau , trangedigaeth , trancedigaeth , tranc , rhyle , pen.glo , llygrwydd , llygriant , llygrant , llias , lleas , llaith , lladdiant , gorflaen , gorffen , golaith , dylaith , diwedd , distrywiant , distrywiaeth , distrywiad , distrywedigaeth , distrywaeth , dinustr , dinistr , dilen , dilaith , dilain , diföed , difäedd , difethiant , difethdod , anfadran , adwythder , addoed , aball,,,,,,,,,,
to,roof,to , toi,,,,,,,,,,,,,,,,,,,,,,,,,,,,,,,,,,,,,,,,,,,,,
to,generation,hiliaeth , epiliad , cenhedlaeth,,,,,,,,,,,,,,,,,,,,,,,,,,,,,,,,,,,,,,,,,,,,
llu,multitude,cyflwg , cant , bataliwn,,,,,,,,,,,,,,,,,,,,,,,,,,,,,,,,,,,,,,,,,,,,
teledu,television,telefision , teledu , telifision , teli , telefisiwn,,,,,,,,,,,,,,,,,,,,,,,,,,,,,,,,,,,,,,,,,,
aderyn,bird,potsyn , merch , dòl , doli , aderyn,,,,,,,,,,,,,,,,,,,,,,,,,,,,,,,,,,,,,,,,,,
bryd,will,rhybuch , myn , ewyllysu , ewyllysio , ewyllysiaeth , ewyllys,,,,,,,,,,,,,,,,,,,,,,,,,,,,,,,,,,,,,,,,,
oedfa,religious meeting,,,,,,,,,,,,,,,,,,,,,,,,,,,,,,,,,,,,,,,,,,,,,,,
cyfaill,friend,ffrind , ymgydnabyddiaeth , syportar , hoffwr , hoffddyn , gobeniad , cynheilwad , cynefindod , cyfaill , cydwybedydd , cwentans , caredigddyn , carddyn , camwr , anwylwr , adnabydd,,,,,,,,,,,,,,,,,,,,,,,,,,,,,,,
priodas,marriage,priodas,,,,,,,,,,,,,,,,,,,,,,,,,,,,,,,,,,,,,,,,,,,,,,
brwydr,battle,brwydr , trin , strygl , strin , padl , myd , mid , gwrial , glyw , ffeit , citrach , cad,,,,,,,,,,,,,,,,,,,,,,,,,,,,,,,,,,,
pwll,puddle,pwll,,,,,,,,,,,,,,,,,,,,,,,,,,,,,,,,,,,,,,,,,,,,,,
banc,bank , river,banc , golan , bancio , amlan , afon , adnau,,,,,,,,,,,,,,,,,,,,,,,,,,,,,,,,,,,,,,,,
banc,bank , money,banc , arian , pres , manogen , golan , bancio , arianwerth , ariannach , amlan , adnau,,,,,,,,,,,,,,,,,,,,,,,,,,,,,,,,,,,,
gorfod,obligation,ymrwym , rhwymedigeiddrwydd , rhwymedigaeth , gorfodaeth , cyfrifolrwydd,,,,,,,,,,,,,,,,,,,,,,,,,,,,,,,,,,,,,,,,,,
gorfod,have to do something,,,,,,,,,,,,,,,,,,,,,,,,,,,,,,,,,,,,,,,,,,,,,,,
teimlad,feeling,teimlad , twyts , twtsh , twts , teimladeiddiwch , serchiad , greddf , ffelm,,,,,,,,,,,,,,,,,,,,,,,,,,,,,,,,,,,,,,,
heol,street,stryd , ystrŷt , ystryd , strŷt , heol,,,,,,,,,,,,,,,,,,,,,,,,,,,,,,,,,,,,,,,,,,
pennod,chapter,pennod , offeiriatgor , cytben , capitl,,,,,,,,,,,,,,,,,,,,,,,,,,,,,,,,,,,,,,,,,,,
egwyddor,principle,egwyddor , rhesymwaith , prinsipl , prinsbal,,,,,,,,,,,,,,,,,,,,,,,,,,,,,,,,,,,,,,,,,,,
elusen,charity,sin , elusen , cardodwaith,,,,,,,,,,,,,,,,,,,,,,,,,,,,,,,,,,,,,,,,,,,,
maint,size,maint,,,,,,,,,,,,,,,,,,,,,,,,,,,,,,,,,,,,,,,,,,,,,,
tafarn,pub,pyb , tafarndy , tafarn-dŷ , tafarn , pỳb,,,,,,,,,,,,,,,,,,,,,,,,,,,,,,,,,,,,,,,,,,
nodwedd,characteristic,nodweddiadol , gweddnod,,,,,,,,,,,,,,,,,,,,,,,,,,,,,,,,,,,,,,,,,,,,,
comisiwn,commission,pwyllgoriaeth , pwyllgor , misiwn , fforddoliaeth , fforddiant , deputasiwn , cysbwyllawd , cyrch , comiti , comisiynu , comisiwn , cenhadaeth,,,,,,,,,,,,,,,,,,,,,,,,,,,,,,,,,,,
bod,to be,bod , cydraddol , cydradd,,,,,,,,,,,,,,,,,,,,,,,,,,,,,,,,,,,,,,,,,,,,
bod,existence,bodolrwydd , bodoliad , bodolder , bodoldeb , bodolaeth , bodedig,,,,,,,,,,,,,,,,,,,,,,,,,,,,,,,,,,,,,,,,,
bod,abode,,,,,,,,,,,,,,,,,,,,,,,,,,,,,,,,,,,,,,,,,,,,,,,
cael,to have,i , ham , gorfodi , echlys , dwyn , derbyn , dehongli , dal , cymryd , creu , cael , bod , awgrymu , achosi , achos,,,,,,,,,,,,,,,,,,,,,,,,,,,,,,,,
gwneud,to do,trefnu , set , gwneud , gwisg , gosod , gorfodi , golafur , do , dehongli , ddaru , creu , awgrymu , ateb , ailwneud,,,,,,,,,,,,,,,,,,,,,,,,,,,,,,,,,
gwneud,artificial,artiffisial , gosod , celfyddydaidd,,,,,,,,,,,,,,,,,,,,,,,,,,,,,,,,,,,,,,,,,,,,
mynd,to go,mynd , troi , swyn , suro , sownd , sown , rhedeg , plwmp , methu , marw , gweithio , gwaith , gread , gorchwyl , ffael , dod , dichwel , cychwyn , cre , crawc , blend , aedd , aballu,,,,,,,,,,,,,,,,,,,,,,,,
dod,to come,dod , semen , rhif , nifer , had , cyrraedd , cwymp , cwydd,,,,,,,,,,,,,,,,,,,,,,,,,,,,,,,,,,,,,,,
gweld,to see,ystyried , tyst , gweld , deall,,,,,,,,,,,,,,,,,,,,,,,,,,,,,,,,,,,,,,,,,,,
dweud,to say,medd , dweud , urdd , dywedyd , darllen,,,,,,,,,,,,,,,,,,,,,,,,,,,,,,,,,,,,,,,,,,
gallu,to be able to,,,,,,,,,,,,,,,,,,,,,,,,,,,,,,,,,,,,,,,,,,,,,,,
gallu,ableness,,,,,,,,,,,,,,,,,,,,,,,,,,,,,,,,,,,,,,,,,,,,,,,
rhoi,to give,rhoi , rhoddi , present , offerth , grawnt , fforddio , dyroid , cyfrannu , anrheg,,,,,,,,,,,,,,,,,,,,,,,,,,,,,,,,,,,,,,
defnyddio,to use,mwyniad , iwsio , iws , golafur , dicléin , defnyddio , cymsymsiwn , consymsiwn , conswmsiwn , consumsiwn , consumsion , arfer , amwes,,,,,,,,,,,,,,,,,,,,,,,,,,,,,,,,,,
gwybod,to know,gwybod , adnabod , sgriw , serch , nabod , medru , gwely , ffwrcho , crwc , caru , asgrwy,,,,,,,,,,,,,,,,,,,,,,,,,,,,,,,,,,,,
siarad,to speak,siarad , llefaru , ceg,,,,,,,,,,,,,,,,,,,,,,,,,,,,,,,,,,,,,,,,,,,,
edrych,to look,edrych , ysbïo , ymddangos , sbïo , sbio , sbec , golwg , edrychyd , edrychiad,,,,,,,,,,,,,,,,,,,,,,,,,,,,,,,,,,,,,,
gweithio,to work,gwaith , gweithio , gorchwyl , chwarae , drama , chwa , rhedeg , llunwedd , bold , deddf , act , gorfodi , golafur , dehongli , creu , awgrymu , gwaith , gweithio , gorchwyl , chwarae , drama , chwa , rhedeg , llunwedd , bold , deddf , act , gorfodi , golafur , dehongli , creu , awgrymu,,,,,,,,,,,,,,,
codi,to raise,tyfu , treth , rhi , magu , lifft , fferm , ffarm , dyrchafu , dyrchafael,,,,,,,,,,,,,,,,,,,,,,,,,,,,,,,,,,,,,,
dysgu,to learn,dysgu,,,,,,,,,,,,,,,,,,,,,,,,,,,,,,,,,,,,,,,,,,,,,,
gofyn,to ask,holi , gofyn , ceisio,,,,,,,,,,,,,,,,,,,,,,,,,,,,,,,,,,,,,,,,,,,,
gofyn,a request,petisiwn , erfyn , erchi , deiseb , cais,,,,,,,,,,,,,,,,,,,,,,,,,,,,,,,,,,,,,,,,,,
byw,to live,byw , sbriwus , sbringaidd , sbring-gar , pybyrog , poethus , poeth , nwyfgar , nwyfaidd , iorthiog , hywestl , hudnwy , hoenus , hoenlon , hoenllawn , hoenfyw , gwresowctwym , gwresoctwym , gwreslon , gwreslawn , gwery , gawy , gafwy , elëin , dychynnaid , dihafarchol , diefrydd , diarddwl , diafrddwl , cyfanheddu , bywus , bywog , bywiogaidd , bywiog , bywiaidd , brywiog , bryw , browysig , anwastadnaid , anghofnodedig,,,,,,,
byw,lively,sbriwus , sbringaidd , sbring-gar , pybyrog , nwyfgar , nwyfaidd , miriol , llaws , iorthiog , hywestl , hudnwy , hoenus , hoenlon , hoenllawn , hoenfyw , gwylad , gwery , gawy , gafwy , elëin , dychynnaid , dihafarchol , diefrydd , diarddwl , diagro , diafrddwl , bywus , bywiogaidd , bywiog , bywiaidd , byw , brywiog , bryw , browysig , anwastadnaid,,,,,,,,,,,,
darllen,to read,darllen , trosi , troi , medd , dwyn , dweud , deall , darllenedig , cyfieithu,,,,,,,,,,,,,,,,,,,,,,,,,,,,,,,,,,,,,,
cofio,to remember,cofio , meddwl,,,,,,,,,,,,,,,,,,,,,,,,,,,,,,,,,,,,,,,,,,,,,
dal,to catch,trans , swyn , perlewyg , gwryfwasg , dal , coler , arsang,,,,,,,,,,,,,,,,,,,,,,,,,,,,,,,,,,,,,,,,
clywed,to hear,clywed , trei , profi , cais,,,,,,,,,,,,,,,,,,,,,,,,,,,,,,,,,,,,,,,,,,,
cymryd,to take,cymryd , dwyn , ymarwedd , ymarfer , union , taro , prydles , plwm , les , isysgrifennu , isysgrifennaf , i , hyfforddi , hiliogaeth , gwrthgarn , gwidydd , gosgordd , gorfodi , geid , ffilm , ethol , edfryd , dysgu , dychwelyd , dreif , dioddef , dioddau , dewis , dethol , dehongli , darllen , dal , creu , contract , bod , awgrymu , atro , anelu , adfer,,,,,,,,
digwydd,to happen,digwydd,,,,,,,,,,,,,,,,,,,,,,,,,,,,,,,,,,,,,,,,,,,,,,
digwydd,a chance,tsiawns , tsians , siawnsio , siawns , hap , goreubryd , ffortyn , ffortun , ffortiwn,,,,,,,,,,,,,,,,,,,,,,,,,,,,,,,,,,,,,,
creu,to create,creu , gwneud , gorfodi , dehongli , awgrymu,,,,,,,,,,,,,,,,,,,,,,,,,,,,,,,,,,,,,,,,,,
newid,to change,newid , trafnidr , newidiad , gwaroden , dullweddiad , amrywiolaeth , amrywder , amrithder , amnewid , altrasiwn , altraeth , altrad , alterasiwn , adnewid,,,,,,,,,,,,,,,,,,,,,,,,,,,,,,,,,
newid,a change,newid , trafnidr , newidiad , gwaroden , dullweddiad , amrywiolaeth , amrywder , amrithder , amnewid , altrasiwn , altraeth , altrad , alterasiwn , adnewid,,,,,,,,,,,,,,,,,,,,,,,,,,,,,,,,,
gadael,to leave,plwm , mynd , gadael , anghofio , allan,,,,,,,,,,,,,,,,,,,,,,,,,,,,,,,,,,,,,,,,,,
cadw,to keep,cadw , rhwystro , maethlonder , dal , carcharbwll , atal , adfaeth,,,,,,,,,,,,,,,,,,,,,,,,,,,,,,,,,,,,,,,,
dangos,to show,dangos , tremid , sioe , llun , hunanddan.gosiad , darlun , cyfeiliw , ardeb , apirans , aparawns,,,,,,,,,,,,,,,,,,,,,,,,,,,,,,,,,,,,,
cynnal,to maintain,cadw,,,,,,,,,,,,,,,,,,,,,,,,,,,,,,,,,,,,,,,,,,,,,,
credu,to believe,credu , ystyried , meddwl , coelio,,,,,,,,,,,,,,,,,,,,,,,,,,,,,,,,,,,,,,,,,,,
dilyn,to follow,olynu , edrych , dilyn , canlyn , bod,,,,,,,,,,,,,,,,,,,,,,,,,,,,,,,,,,,,,,,,,,
derbyn,to accept,dwyn , derbyn,,,,,,,,,,,,,,,,,,,,,,,,,,,,,,,,,,,,,,,,,,,,,
eisiau,to want,uned , rheidusrwydd , rheidusni , moyn , isie , eisio , eisiau , dymuno , difuddiad , difadrwydd , deprifasiwn , anghaffaeliad , amddifadedd,,,,,,,,,,,,,,,,,,,,,,,,,,,,,,,,,,
teimlo,to feel,ymdeimlo , teimlo , bys,,,,,,,,,,,,,,,,,,,,,,,,,,,,,,,,,,,,,,,,,,,,
tynnu,to pull,,,,,,,,,,,,,,,,,,,,,,,,,,,,,,,,,,,,,,,,,,,,,,,
troi,to turn,troi , tyrn , twrn , turnio , troad , tro , swyn , suro , ric , rhif , rhic , piryn , nydd-dro , nifer , mwfflyn , dichwel , deddf , chwythryn , chwithryn , byt , bowt , bit , arwydd , aredig , aradr , act,,,,,,,,,,,,,,,,,,,,,
cyrraedd,to arrive,cyrraedd , dod,,,,,,,,,,,,,,,,,,,,,,,,,,,,,,,,,,,,,,,,,,,,,
cyhoeddi,to publish,hiliogaeth , gollwng , cyhoeddi,,,,,,,,,,,,,,,,,,,,,,,,,,,,,,,,,,,,,,,,,,,,
ceisio,to attempt,trei , profi , cais,,,,,,,,,,,,,,,,,,,,,,,,,,,,,,,,,,,,,,,,,,,,
dechrau,to start,cychwyn , sgriff , neidio , naid , llamsach , dechreuad , dechrau , cwmensment , cripiad , crip , comensiad , allwthio , aelio,,,,,,,,,,,,,,,,,,,,,,,,,,,,,,,,,,
dechrau,the start,cychwyn , sgriff , neidio , naid , llamsach , dechreuad , dechrau , cwmensment , cripiad , crip , comensiad , allwthio , aelio,,,,,,,,,,,,,,,,,,,,,,,,,,,,,,,,,,
chwilio,to look for,,,,,,,,,,,,,,,,,,,,,,,,,,,,,,,,,,,,,,,,,,,,,,,
cyflwyno,to present,anrheg , wyneb , tep , rhoi , presento , present , presenoli , presennol , presant , anrhegu,,,,,,,,,,,,,,,,,,,,,,,,,,,,,,,,,,,,,
cysylltu,to join,ymuno , pencnawiad , llafarseiniad , joinio , cymaliad , asio,,,,,,,,,,,,,,,,,,,,,,,,,,,,,,,,,,,,,,,,,
helpu,to help,sistans , helpu , helpio , help , gweinidogaeth , cynorthwyad , cymorth , cannerth , aed,,,,,,,,,,,,,,,,,,,,,,,,,,,,,,,,,,,,,,
sicrhau,to ensure,siwrhau , sicrhau , gwaranred,,,,,,,,,,,,,,,,,,,,,,,,,,,,,,,,,,,,,,,,,,,,
symud,to move,ysgog , ymod , symud , rhedeg , mwfaeth , chwif , adleoliad,,,,,,,,,,,,,,,,,,,,,,,,,,,,,,,,,,,,,,,,
meithrin,to foster,,,,,,,,,,,,,,,,,,,,,,,,,,,,,,,,,,,,,,,,,,,,,,,
hoffi,to like,fel , serchu , megis , licio , leicio , hoffi , hefelig , cyfryw , cyflythyr,,,,,,,,,,,,,,,,,,,,,,,,,,,,,,,,,,,,,,
datblygu,to develop,tyfu , datblygu,,,,,,,,,,,,,,,,,,,,,,,,,,,,,,,,,,,,,,,,,,,,,
teipio,to type,teipio , teip , math , cas , achos,,,,,,,,,,,,,,,,,,,,,,,,,,,,,,,,,,,,,,,,,,
brifo,to hurt,brifo , trawma , poen , niweidio , niwed , jim , eniwed , dolur , dioddef , difrod , cymurth , cur , camwy , cam , briw , archoll , anelp , anap , anafu , anafiaeth , anafiad , anafdod , anaf , amheirant , aeled,,,,,,,,,,,,,,,,,,,,,,
crynhoi,to summarise,crynodebu , crynhoi,,,,,,,,,,,,,,,,,,,,,,,,,,,,,,,,,,,,,,,,,,,,,
gwahodd,to invite,gwahodd , derbyn , cael,,,,,,,,,,,,,,,,,,,,,,,,,,,,,,,,,,,,,,,,,,,,
cyfnewid,exchange,trwco , trafnidr , newid , cyfnewidfa , cyfnewid , amnewid , adnewid,,,,,,,,,,,,,,,,,,,,,,,,,,,,,,,,,,,,,,,,
anadlu,to breathe,anadlu,,,,,,,,,,,,,,,,,,,,,,,,,,,,,,,,,,,,,,,,,,,,,,
llefaru,to speak,siarad , llefaru , ceg,,,,,,,,,,,,,,,,,,,,,,,,,,,,,,,,,,,,,,,,,,,,
chwythu,to blow,utganu , swap , sugno , pwmp , panc , nwy , gas , ergyd , didol , chwythu,,,,,,,,,,,,,,,,,,,,,,,,,,,,,,,,,,,,,
tybio,to suppose,tybio , tybied , meddwl , ardyb,,,,,,,,,,,,,,,,,,,,,,,,,,,,,,,,,,,,,,,,,,,
mesur,to measure,mesuro , mesuriant , mesuredigaeth , mesur , lleddfleisiad , goslefiad , disgynsain , cwantiti , cloriannu , cadens,,,,,,,,,,,,,,,,,,,,,,,,,,,,,,,,,,,,,
mesur,measurement,mesuriant , mesuriad , mesuredigaeth,,,,,,,,,,,,,,,,,,,,,,,,,,,,,,,,,,,,,,,,,,,,
dynodi,to denote,dynodi , darnodi,,,,,,,,,,,,,,,,,,,,,,,,,,,,,,,,,,,,,,,,,,,,,
llywio,govern,urdd , llywodraethu , arglwyddiaethu,,,,,,,,,,,,,,,,,,,,,,,,,,,,,,,,,,,,,,,,,,,,
cwestiynu,to question,pen , cwestiynu , cwestiwn , chwif , amheuster , amau,,,,,,,,,,,,,,,,,,,,,,,,,,,,,,,,,,,,,,,,,
cyfiawnhau,to justify,cyfiawnhau,,,,,,,,,,,,,,,,,,,,,,,,,,,,,,,,,,,,,,,,,,,,,,
crafu,to scratch,ysgraffinio , ymgripio , wampwm , tolc , toes , taro , siwgr , sgriff , gwylaeth , gwlaeth , golaeth , glybysg , ffret , cychwyn , cripiad , crip , crafu , cabets , bara,,,,,,,,,,,,,,,,,,,,,,,,,,,,
crafu,to wrangle,cecrod , cecri , caentach,,,,,,,,,,,,,,,,,,,,,,,,,,,,,,,,,,,,,,,,,,,,
recriwtio,to recruit,treth , recriwtio , cofnodi,,,,,,,,,,,,,,,,,,,,,,,,,,,,,,,,,,,,,,,,,,,,
dinistrio,to destroy,distrywio , dinistrio , difa,,,,,,,,,,,,,,,,,,,,,,,,,,,,,,,,,,,,,,,,,,,,
llusgo,to drag,ysgubo , tynnu , sgubo , llusgo , ffugl , dragio,,,,,,,,,,,,,,,,,,,,,,,,,,,,,,,,,,,,,,,,,
llyncu,to swallow,llyncu , gwennol,,,,,,,,,,,,,,,,,,,,,,,,,,,,,,,,,,,,,,,,,,,,,
rasio,to race,sbid , rhedeg , rasio , hil , golchi , brwyn,,,,,,,,,,,,,,,,,,,,,,,,,,,,,,,,,,,,,,,,,
craffu,to gaze,sylltrem,,,,,,,,,,,,,,,,,,,,,,,,,,,,,,,,,,,,,,,,,,,,,,
cynilo,to save,arbed , achub , ysgrifennu , safio , neilltuo , llocio , cynilo,,,,,,,,,,,,,,,,,,,,,,,,,,,,,,,,,,,,,,,,
ildio,to yield,rhoi , ildio , hiliogaeth , hain , gwrthgarn , grawnt , ffrwyth , fforddio , edfryd , dychwelyd , dwyn , atro , atgen , adfer,,,,,,,,,,,,,,,,,,,,,,,,,,,,,,,,,
pennu,to appoint,penodi , enw , apwyntio,,,,,,,,,,,,,,,,,,,,,,,,,,,,,,,,,,,,,,,,,,,,
da,good,da , wrsibus , wrsibol , wrsibiol , worsibiol , wel , sownd , sown , sgilus , seriws , saf , risbectabl , resbectabl , parchedigol , orsibiol , med , madedd , iechydlon , iechydlawn , hyfedrus , gwrfan , gwiwdro , ennysg , effeithlon , dwysog , diorwacter , diogel , diofregedd , difrïaidd , difrifol , difrifaidd , dienbyd , dibynadwy , de , daionusrwydd , daeder , cylwyddog , crefftgar , cleufryd , celfyddytgar , celfyddydus , celfyddus , celfyddodus , celfus , anenwir , aedd , adrybelydr
da,cows,porfilod , pawrfilod , gwartheg , da , buwch,,,,,,,,,,,,,,,,,,,,,,,,,,,,,,,,,,,,,,,,,,
mawr,big,mawr , trwm , pennig , mawredig , mawreddus , mawr.hydrig , hyfawr , gwych , gwagfalch , gwag-ymogoneddgar , gwag-ymffrostus , gwag-ymffrostgar , gwag-orfoleddus , gwag-ogoniantus , gwag-ogoniannus , gwag-ogoneddus , gwag-ogoneddol , gwag-ogoneddgar , gwag-fostus , ffrostialus , ffrostgar , eneidfawr , eangfrydig , disgwyliol , disgwyliadol , cyflawndwf , brolgar , bostus , bostlyd , bostiog , bostgar , bostfawr,,,,,,,,,,,,,,,
arall,other,arall , llall , cilydd,,,,,,,,,,,,,,,,,,,,,,,,,,,,,,,,,,,,,,,,,,,,
newydd,new,newydd , ifanc , amrwd,,,,,,,,,,,,,,,,,,,,,,,,,,,,,,,,,,,,,,,,,,,,
bach,small,iselfeddwl , gorchwylus , gorchwylaidd , goisel , fechan , dihoffedd , bychan , bach,,,,,,,,,,,,,,,,,,,,,,,,,,,,,,,,,,,,,,,
agos,close,cau , gorffen , ffeinys , diwedd , cynghload , cyfrinachgar , castellol , cadwynaidd , amglo , agos,,,,,,,,,,,,,,,,,,,,,,,,,,,,,,,,,,,,,
hen,old,hen , oesog , mawredig , mawreddus , mawr , hyfawr , hyddestl , gwych , destlusaidd , destlu , destlaf , blaenorol,,,,,,,,,,,,,,,,,,,,,,,,,,,,,,,,,,,
cyntaf,first,unfed , st , mun , morwyn , merch , geneth , dechreuad , cyntaf , cynta , cychwyn , cwmensment , comensiad,,,,,,,,,,,,,,,,,,,,,,,,,,,,,,,,,,,
gwahanol,different,gwahanol , gwahanrywiol , gwahanryw,,,,,,,,,,,,,,,,,,,,,,,,,,,,,,,,,,,,,,,,,,,,
ifanc,young,ifanc , mebinol , mebinaidd , macwyaidd , llencynnaidd , llancyddol , llancaidd , ifainc , ieuanc , ieuainc , hiliant , gwanwynol , esill,,,,,,,,,,,,,,,,,,,,,,,,,,,,,,,,,,
pwysig,important,pwysig , swyddfawr,,,,,,,,,,,,,,,,,,,,,,,,,,,,,,,,,,,,,,,,,,,,,
llawn,full,llownd , llawn , da , cwyr , ang,,,,,,,,,,,,,,,,,,,,,,,,,,,,,,,,,,,,,,,,,,
arbennig,excellent,ysblenyddol , ysblendid , ysblan , sblendid , rhyodig , rhyhawd , rheodig , rhahawd , rhagorol , odiaethol , nodidog , mawrwaisg , mawrgoeth , mareddog , gwymp , gwychderus , gwalchog , graddfyged , gowychydd , gorchestus , gorchestfawr , godidog , ffamws , dadiain , ceinwiw , ceinmyg , ceinfyg , campusol , camplawn , campiog , ardderchog , anwaelaidd , amwiw , aerfalch,,,,,,,,,,,,,
prif,main,,,,,,,,,,,,,,,,,,,,,,,,,,,,,,,,,,,,,,,,,,,,,,,
lleol,local,lleol,,,,,,,,,,,,,,,,,,,,,,,,,,,,,,,,,,,,,,,,,,,,,,
cenedlaethol,national,cenedlaethol , gwladol , gartref , adre , adeiliad,,,,,,,,,,,,,,,,,,,,,,,,,,,,,,,,,,,,,,,,,,
iawn,correct,cywir , set , de , cywiro , addasu,,,,,,,,,,,,,,,,,,,,,,,,,,,,,,,,,,,,,,,,,,
iawn,justice,rheithofyddwr , rheithofydd , deddfegydd , deddfegwr , cyfiawndeb , cyfiawndab , cyfiawn,,,,,,,,,,,,,,,,,,,,,,,,,,,,,,,,,,,,,,,,
iawn,very,tra , iawn,,,,,,,,,,,,,,,,,,,,,,,,,,,,,,,,,,,,,,,,,,,,,
siŵr,sure,siŵr , siwr , sicr , gograff , diredig , dioer , adrybeddus,,,,,,,,,,,,,,,,,,,,,,,,,,,,,,,,,,,,,,,,
diweddar,recent,diweddar,,,,,,,,,,,,,,,,,,,,,,,,,,,,,,,,,,,,,,,,,,,,,,
tebyg,similar,tebyg , serchu , hefelig , fel , cyflun , cyffelyb,,,,,,,,,,,,,,,,,,,,,,,,,,,,,,,,,,,,,,,,,
unig,alone,namwy,,,,,,,,,,,,,,,,,,,,,,,,,,,,,,,,,,,,,,,,,,,,,,
amlwg,obvious,amlwg,,,,,,,,,,,,,,,,,,,,,,,,,,,,,,,,,,,,,,,,,,,,,,
hir,long,hir , ymaelgar , gafaelgraff , gafaelgadr , dylyn , diymollwng , dalgar,,,,,,,,,,,,,,,,,,,,,,,,,,,,,,,,,,,,,,,,
drwg,bad,trawsamcanol , sorri , sbeciannol , llwgr , gwallus , drwg , difwynedig , amcaniaethol,,,,,,,,,,,,,,,,,,,,,,,,,,,,,,,,,,,,,,,
drwg,mischief,rogri , rhogri , galanastrwydd , galanasrwydd , drygioni , dirieidwaith , direidwaith , direidi , diawlineb,,,,,,,,,,,,,,,,,,,,,,,,,,,,,,,,,,,,,,
parod,ready,parod , gorfodi , dehongli , cyfrwydd , cyffes , cwc , creu , cogydd , coginydd , cog , awgrymu,,,,,,,,,,,,,,,,,,,,,,,,,,,,,,,,,,,,
anodd,difficult,anodd , gochwithig , caled,,,,,,,,,,,,,,,,,,,,,,,,,,,,,,,,,,,,,,,,,,,,
aneglur,unclear,annarllenadwy , anghlaer , aneglur,,,,,,,,,,,,,,,,,,,,,,,,,,,,,,,,,,,,,,,,,,,,
diwethaf,last,trangedigaeth , trancedigaeth , tranc , pen.glo , para , olaf , marwolaeth , llias , lleas , llaith , lladdiant , gorflaen , gorffen , golaith , ffeinys , diwethaf , diwetha , diweddol , diweddgloadol , diwedd , dilen , dilain , cynghload , angau , amglo , addoed,,,,,,,,,,,,,,,,,,,,,
cymaint,as many,llawer,,,,,,,,,,,,,,,,,,,,,,,,,,,,,,,,,,,,,,,,,,,,,,
cyffredinol,common,fwlgaraidd , fwlgar , disgyr , cyffredin , cwrs , cwmin , comin , anolchedig , aflathraidd , aflathraid , aflathr,,,,,,,,,,,,,,,,,,,,,,,,,,,,,,,,,,,,
gwych,excellent,ysblenyddol , ysblendid , ysblan , sblendid , rhyodig , rhyhawd , rheodig , rhahawd , rhagorol , odiaethol , nodidog , mawrwaisg , mawrgoeth , mareddog , gwymp , gwychderus , gwalchog , graddfyged , gowychydd , gorchestus , gorchestfawr , godidog , ffamws , dadiain , ceinwiw , ceinmyg , ceinfyg , campusol , camplawn , campiog , ardderchog , anwaelaidd , amwiw , aerfalch,,,,,,,,,,,,,
olaf,last,trangedigaeth , trancedigaeth , tranc , pen.glo , para , olaf , marwolaeth , llias , lleas , llaith , lladdiant , gorflaen , gorffen , golaith , ffeinys , diwethaf , diwetha , diweddol , diweddgloadol , diwedd , dilen , dilain , cynghload , angau , amglo , addoed,,,,,,,,,,,,,,,,,,,,,
cymdeithasol,sociable , social,cymrodol , cymdeithgar , cymdeithasol,,,,,,,,,,,,,,,,,,,,,,,,,,,,,,,,,,,,,,,,,,,
pell,distant,pell , oeraidd , distant , anghysbell,,,,,,,,,,,,,,,,,,,,,,,,,,,,,,,,,,,,,,,,,,,
aml,often,amlwaith , aml,,,,,,,,,,,,,,,,,,,,,,,,,,,,,,,,,,,,,,,,,,,,,
posib,possible,posib , posibl , galledig,,,,,,,,,,,,,,,,,,,,,,,,,,,,,,,,,,,,,,,,,,,,
coch,red,coch , treislyd , treisiawr , rhuddol , rhuddem , rhuddaidd , rhudd , gwineurudd , gwineuol , gwineugoch , gwenithgoch , gwalliant , gowridog , darymes , darmes , collediaeth , cochlyd , cochaidd , cethinlliw , cethin.goch , amhroffid,,,,,,,,,,,,,,,,,,,,,,,,,,
coch,red,coch , treislyd , treisiawr , rhuddol , rhuddem , rhuddaidd , rhudd , gwineurudd , gwineuol , gwineugoch , gwenithgoch , gwalliant , gowridog , darymes , darmes , collediaeth , cochlyd , cochaidd , cethinlliw , cethin.goch , amhroffid,,,,,,,,,,,,,,,,,,,,,,,,,,
is,below,isod , islaw,,,,,,,,,,,,,,,,,,,,,,,,,,,,,,,,,,,,,,,,,,,,,
ariannol,financial,cyllidol,,,,,,,,,,,,,,,,,,,,,,,,,,,,,,,,,,,,,,,,,,,,,,
penodol,particular,neilltuol , ffysog , ffyslyd , ffysi , esbesal , eithriadol , anamlfath,,,,,,,,,,,,,,,,,,,,,,,,,,,,,,,,,,,,,,,,
diddorol,interesting,diddorol,,,,,,,,,,,,,,,,,,,,,,,,,,,,,,,,,,,,,,,,,,,,,,
cyhoeddus,public,cyhoedd , pyblic , pwblic , hoeddus , cyhoeddus,,,,,,,,,,,,,,,,,,,,,,,,,,,,,,,,,,,,,,,,,,
hawdd,easy,yslebogaidd , wantan , slwtaidd , slebogaidd , rhwydd , ling-long , ling-di-long , lincyn-loncyn , linc-mi-lonc , linc-lonc , linc-dilonc , lig-log , lig-lag , hawdd , gwarog , difar,,,,,,,,,,,,,,,,,,,,,,,,,,,,,,,
cynnar,early,cynnar , arall,,,,,,,,,,,,,,,,,,,,,,,,,,,,,,,,,,,,,,,,,,,,,
gwreiddiol,original,gwreiddiol,,,,,,,,,,,,,,,,,,,,,,,,,,,,,,,,,,,,,,,,,,,,,,
gwreiddiol,origin,tardd , lleolbwynt , lledryf , hanedigaeth , gowared , gowaered , gorwared , gorwaered , goriwared , goriwaered , echdyniad , disgynyddiaeth,,,,,,,,,,,,,,,,,,,,,,,,,,,,,,,,,,,
hapus,happy,hapus , dedwydd , hawddfydig , hapusol , hapusaidd , diathrist , diafar , cynedwydd,,,,,,,,,,,,,,,,,,,,,,,,,,,,,,,,,,,,,,,
uchel,high,uchel,,,,,,,,,,,,,,,,,,,,,,,,,,,,,,,,,,,,,,,,,,,,,,
union,straight , direct,ymarwedd , ymarfer , uniongyrchol , syth , sianelu , plwm , pen , mod , hyfforddi , hyddestl , gwidydd , gosgordd , geid , dysgu , dwyn , dioddef , dioddau , destlusaidd , destlu , destlaf , cyfeirio , cyfarwyddo , anfon , anelu,,,,,,,,,,,,,,,,,,,,,,
neis,nice,neis , braf,,,,,,,,,,,,,,,,,,,,,,,,,,,,,,,,,,,,,,,,,,,,,
personol,personal,gwyddol , personol,,,,,,,,,,,,,,,,,,,,,,,,,,,,,,,,,,,,,,,,,,,,,
sych,not wet,,,,,,,,,,,,,,,,,,,,,,,,,,,,,,,,,,,,,,,,,,,,,,,
sych,dull , dry,sych , sychu , sychlyd , penddarus , hysbydd , hyllgam , hesbio , gwawdieithol , eironig , diflas , arafdrwm , anchwedleugar,,,,,,,,,,,,,,,,,,,,,,,,,,,,,,,,,,
prydferth,beautiful,prydferth , hardd,,,,,,,,,,,,,,,,,,,,,,,,,,,,,,,,,,,,,,,,,,,,,
hyll,ugly,hyll , hagr , ehagr , dygain , aniesin , amhrydweddol , amhrydferth , allardd , afliwgar,,,,,,,,,,,,,,,,,,,,,,,,,,,,,,,,,,,,,,
hwylus,convenient,cyfleus , prydferth , hylaw , hwylus , cyfleol,,,,,,,,,,,,,,,,,,,,,,,,,,,,,,,,,,,,,,,,,,
hwylus,healthy,iach , wrsibus , wrsibol , wrsibiol , worsibiol , taclus , sownd , sown , risbectabl , resbectabl , parchedigol , palffog , orsibiol , maintiolus , iachach , gwrygus , dognus , claerdeg , aedd,,,,,,,,,,,,,,,,,,,,,,,,,,,,
hwylus,smooth , went well,rhugl , rhathu , llyfn , hylithraidd , hylif , gweryn , gwastadiaith , ffraethaidd , eto , esmwyth , côm , arebol,,,,,,,,,,,,,,,,,,,,,,,,,,,,,,,,,,
buddugol,victorious,goruchafiaethus , gorfolaethus , gorchfygus , cludlwydd , buddugoliaethus,,,,,,,,,,,,,,,,,,,,,,,,,,,,,,,,,,,,,,,,,,
amheus,doubtful,annïau,,,,,,,,,,,,,,,,,,,,,,,,,,,,,,,,,,,,,,,,,,,,,,
llym,sharp ,pointed,trywanus , treiddiadol , treiddgarol , treiddfawr , tost , siarp , rheiniol , pwyntol , pwyntiol , pwyntiog , pwyntiedig , pelltreiddiol , main , llym , llem , hydreiddiol , hyddewog , hyddew , hen.graff , hen.gall , gwanol , gowan , brigfain,,,,,,,,,,,,,,,,,,,,,,,
llym,harsh,haris , chwyrn , anhyfwyn,,,,,,,,,,,,,,,,,,,,,,,,,,,,,,,,,,,,,,,,,,,,
serth,steep,serth , ocrus , mwydo , mwydioni , cribddeiliaidd , cribddeilgar , cribddeilaidd , budrelwog , budrelwaidd , anghydwybodus,,,,,,,,,,,,,,,,,,,,,,,,,,,,,,,,,,,,,
poen,nuisance,niwsans,,,,,,,,,,,,,,,,,,,,,,,,,,,,,,,,,,,,,,,,,,,,,,
poen,agony,,,,,,,,,,,,,,,,,,,,,,,,,,,,,,,,,,,,,,,,,,,,,,,
poen,effort,ysgog , ymgeisiad , ymdrech , mwfaeth , ham , egnïaeth , echlys , dreif , croesgad , chwys , achosi , achos,,,,,,,,,,,,,,,,,,,,,,,,,,,,,,,,,,,
nerfus,nervous,nerfus , rhwyfus , pryderus , nerfol , gïaidd , gewynllyd , cynhyrfus , anhedd , amgelog,,,,,,,,,,,,,,,,,,,,,,,,,,,,,,,,,,,,,,
cefnogol,supportive,,,,,,,,,,,,,,,,,,,,,,,,,,,,,,,,,,,,,,,,,,,,,,,
disglair,shiny,ysgleiniog , sgleiniog , sgleiniedig , sgleinedig , lwstraidd , llathrol , gloywlyd , eirianol , echdywynedig,,,,,,,,,,,,,,,,,,,,,,,,,,,,,,,,,,,,,,
disglair,clever,ethrylithol , esgwid , clyfar , aptus,,,,,,,,,,,,,,,,,,,,,,,,,,,,,,,,,,,,,,,,,,,
creulon,brutal,gwylltfilaidd , gwydlon , gwydlawn , gerw , ethrywyllt , digaredd , creulonaidd , creulon , cigyddol , cigyddiaidd , cigyddaidd , cieiddlyd,,,,,,,,,,,,,,,,,,,,,,,,,,,,,,,,,,,
normal,normal,normal,,,,,,,,,,,,,,,,,,,,,,,,,,,,,,,,,,,,,,,,,,,,,,
coll,lost,ffwndrus , diymdrawiaeth , diymdaro , diganllawiaeth , colledig , coll , ar_goll,,,,,,,,,,,,,,,,,,,,,,,,,,,,,,,,,,,,,,,,
coll,loss,rhudd , gwalliant , gollwng , erchywyniad , erchyrfyniad , erchwyniad , enciliedigaeth , departiad , darymes , darmes , collediaeth , colled , coch , amhroffid,,,,,,,,,,,,,,,,,,,,,,,,,,,,,,,,,
syfrdanol,stunning,syfrdanol,,,,,,,,,,,,,,,,,,,,,,,,,,,,,,,,,,,,,,,,,,,,,,
brawychus,frightening,,,,,,,,,,,,,,,,,,,,,,,,,,,,,,,,,,,,,,,,,,,,,,,